incident,date,loss_musd,bridge_trust_model,root_cause,taxonomy_class,lifecycle_stage_that_could_stop_it,source_1,source_2
Poly Network,2021-08-10,611,external validators (keepers),crafted cross-chain message invoked privileged EthCrossChainData to replace keeper keys (unrestricted cross-contract call),T3 contract logic / access control,pre-deployment (static cross-contract call analysis),https://rekt.news/leaderboard/,Lee et al. ICBC 2023 SoK (doi:10.1109/ICBC56567.2023.10174993)
Qubit Finance,2022-01-27,80,external validators,legacy deposit path accepted zero-address token so fake deposits were credited,T3 contract logic / input validation,pre-deployment,https://rekt.news/leaderboard/,Lee et al. ICBC 2023 SoK
Wormhole,2022-02-02,326,external guardians (13/19),deprecated Solana instruction-sysvar check let attacker spoof guardian signature verification and mint 120k wETH,T2 verification flaw,pre-deployment / runtime (unbacked mint),https://rekt.news/leaderboard/,https://www.chainalysis.com/blog/cross-chain-bridge-hacks-2022/
Ronin,2022-03-23,624,external validators (5/9 multisig),5 of 9 validator keys compromised via social engineering plus stale allow-list delegation,T1 key / validator compromise,design (threshold & key mgmt) / runtime (withdrawal anomaly),https://rekt.news/leaderboard/,https://www.chainalysis.com/blog/cross-chain-bridge-hacks-2022/
Harmony Horizon,2022-06-23,100,external multisig (2/5),2 of 5 multisig keys compromised,T1 key / validator compromise,design (threshold choice),https://rekt.news/leaderboard/,https://www.chainalysis.com/blog/cross-chain-bridge-hacks-2022/
Nomad,2022-08-01,190,optimistic,upgrade initialised trusted root to 0x00 so every unproven message was accepted (copy-paste exploitation by many actors),T2 verification flaw (initialisation/upgrade),pre-deployment (invariant check) / runtime,https://rekt.news/leaderboard/,https://www.chainalysis.com/blog/cross-chain-bridge-hacks-2022/
BNB Bridge (BSC Token Hub),2022-10-06,586,light-client (IAVL proofs),forged IAVL Merkle proof accepted by proof verifier; ~2M BNB minted (~100M USD moved off-chain before halt),T2 verification flaw,pre-deployment (verifier code) / response (chain halt),https://rekt.news/leaderboard/,Lee et al. ICBC 2023 SoK
Multichain,2023-07-06,126,MPC committee,MPC key material under de-facto single-operator control; unauthorised withdrawals after CEO detention,T1 key / validator compromise (centralisation/insider),design (key custody) / runtime,https://rekt.news/leaderboard/,arXiv:2501.03423 (SoK: review of cross-chain bridge hacks in 2023)
HECO Bridge,2023-11-22,99,external operator,operator private key compromised,T1 key / validator compromise,design / runtime,https://rekt.news/leaderboard/,arXiv:2501.03423
Orbit Bridge,2023-12-31,81.5,external multisig (7/10),7 of 10 signer keys compromised,T1 key / validator compromise,design / runtime,https://rekt.news/leaderboard/,arXiv:2501.03423
Socket (Bungee),2024-01-16,3.3,aggregator / route contracts,unvalidated user-supplied calldata in a newly added route enabled arbitrary transferFrom on approved wallets,T3 contract logic / input validation,pre-deployment,https://rekt.news/socket-rekt,https://www.halborn.com/blog/post/explained-the-socket-protocol-hack-january-2024
Force Bridge,2025-06-01,3.76,external validators,compromised private key controlling privileged unlock functions,T1 key / validator compromise,design / runtime,https://rekt.news/force-bridge-rekt,https://www.halborn.com/blog/post/explained-the-force-bridge-hack-june-2025
CrossCurve,2026-02-02,2.8,messaging (Axelar receiver),permissionless expressExecute path skipped gateway validation; spoofed sourceChain/sourceAddress,T2 verification flaw (fast-path bypass),pre-deployment,https://www.halborn.com/blog/post/explained-the-crosscurve-hack-february-2026,https://blocksec.com/blog/newsletter-february-2026
KelpDAO rsETH (LayerZero OFT),2026-04-18,292,messaging with 1-of-1 DVN,single verifier (DVN) fed forged data via compromised RPC nodes; released 116.5k rsETH for a message never emitted on source,T1 verifier compromise + T4 off-chain observation poisoning,design (verifier diversity) / runtime (unmatched release),https://www.chainalysis.com/blog/kelpdao-bridge-exploit-april-2026/,https://www.openzeppelin.com/news/lessons-from-kelpdao-hack
Verus-Ethereum Bridge,2026-05-18,11.6,custom notary bridge,neither side bound source input amount to destination payout (value-binding gap),T2 verification flaw (value binding),pre-deployment (conservation invariant) / runtime,https://www.halborn.com/blog/post/explained-the-verus-ethereum-bridge-hack-may-2026,https://www.coindesk.com/markets/2026/05/18/yet-another-crypto-bridge-falls-victim-to-an-usd11-million-hack
Gravity Bridge,2026-05-30,5.4,validator set (Cosmos),"denom-to-ERC20 registry poisoned through permissionless deployERC20 and fabricated denom string (key compromise initially reported by Halborn May-2026 review, ruled out by post-mortems)",T3 contract logic (registry/mapping),pre-deployment,https://rekt.news/gravity-bridge-rekt,https://www.quillaudits.com/blog/hack-analysis/gravity-bridge-demon-mapping-poisoning
